job_title;company_name;location;skills_required;experience_years_min;job_type;published_at;source_platform
Frontend Software Engineer (Angular/Ionic);Jublia;Indonesia;UI/UX Design, HTML+CSS, Javascript, iOS Development, jQuery, AngularJS, Android, Angular, Bootstrap, jQuery Mobile, iOS Design;1;Full-time;2026-06-05 06:35:47;Tech In Asia
Senior Software Engineer;Software International Corporation (M) Sdn Bhd;Malaysia;React.js, Java, Java J2EE;4;Full-time;2026-05-18 00:19:27;Tech In Asia
Mid Python Developer;PT Appfuxion Consulting Indonesia;Indonesia;Django, Python, SQL, NoSQL, APIs, MongoDB;3;Full-time;2026-06-17 07:58:10;Tech In Asia
Mid Java Developer;PT Appfuxion Consulting Indonesia;Indonesia;MySQL, Java, SQL Server, SQL, Object-oriented Programming (OOP), APIs;2;Full-time;2026-06-17 07:53:25;Tech In Asia
Java Developer;Indocyber Global Teknologi;Indonesia;Java, Software Engineering, Spring, Software Development;4;Contract;2026-06-17 03:16:04;Tech In Asia
Golang Developer - Banking Industry (Can Join Immediately);SIGMATECH;Indonesia;Amazon Web Services (AWS), Golang, SQL, NoSQL, PostgreSQL, Google Cloud Platform (GCP);3;Contract;2026-06-12 10:44:12;Tech In Asia
Machine Learning Engineer;ISIXI Private Limited;Indonesia;Python, RAG, Software Engineering, LLM, Artificial Intelligence (AI), Tensorflow, Embedded Systems;0;Full-time;2026-06-12 10:22:37;Tech In Asia
Fullstack Developer (Golang, React Js, Typescript) - English Speaker;SIGMATECH;Indonesia;React.js, TypeScript, Golang, Next.js;3;Full-time;2026-06-11 04:00:42;Tech In Asia
Solutions Engineer Intern;Ematic Solutions;Vietnam;MySQL, Javascript, PHP, Digital Marketing, Business Development, Communication Skills, Project Management;0;Internship;2026-06-10 10:22:39;Tech In Asia
IT Business Analyst (Treasury / Front Arena Banking Experience);PT Appfuxion Consulting Indonesia;Indonesia;Business Analysis, Risk Analysis, Test Cases, Business Requirement Gathering;3;Full-time;2026-06-10 06:52:14;Tech In Asia
DevOps;Gefami Services Indonesia;Indonesia;DevOps, Operating Systems, Linux System Administration;2;Contract;2026-06-09 09:20:17;Tech In Asia
Sr. Full-Stack AI Engineer [Influence ID];Playmakers;Indonesia;Flutter, Full-stack Web Development, TypeScript, DevOps, Zapier, Golang, Software Engineering, LLM, Docker, Vue.js, PostgreSQL, Software, Artificial Intelligence (AI), APIs, Software Testing, LangChain, Redis;2;Full-time;2026-06-08 13:14:10;Tech In Asia
Backend Developer;super-staff.ai;Indonesia;Backend Development, GraphQL, REST, Attention to Detail, Amazon Web Services (AWS), FastAPI, Django, SQL, Engineering, Software Engineering, PostgreSQL, Github, Communication Skills, Google Cloud Platform (GCP), MongoDB;1;Contract;2026-06-03 10:46:02;Tech In Asia
.NET Developer;Indocyber Global Teknologi;Indonesia;Flutter, ASP.NET, Dart, C#, .NET;2;Contract;2026-06-03 08:23:56;Tech In Asia
Programmer (Web/PC) - Banking Industry;SIGMATECH;Indonesia;MySQL, Databases, Git, Javascript, Microsoft SQL Server, PHP, Java, SQL Server, Web Development, Version Control, Javascript Frameworks, Oracle, C#, PostgreSQL, .NET, APIs, SDLC;4;Contract;2026-06-03 04:38:39;Tech In Asia
Programmer (RPG) - Banking Industry;SIGMATECH;Indonesia;SQL, IBM DB2, SDLC;4;Contract;2026-06-03 04:09:17;Tech In Asia
Founding Full-Stack Engineer - Ungu;Taman Warna;Tidak dicantumkan;React.js, Amazon Web Services (AWS), TypeScript, Python, RAG, LLM, PostgreSQL, Node.js, LangChain;3;Full-time;2026-06-02 03:28:44;Tech In Asia
Back End Developer;OneByOne Logistical;Indonesia;Java, SQL, C#, .NET, English Language;1;Full-time;2026-05-22 08:32:42;Tech In Asia
Golang Developer - Banking Syariah;SIGMATECH;Indonesia;Amazon Web Services (AWS), Golang, PostgreSQL, Google Cloud Platform (GCP);3;Contract;2026-05-22 03:18:55;Tech In Asia
ETL Developer;PT Appfuxion Consulting Indonesia;Indonesia;MySQL, Data Visualization, Oracle, Data Management, Big Data, SDLC, Data Analysis;3;Contract;2026-05-20 09:55:27;Tech In Asia
Senior System Analyst (Banking - ASAP);SIGMATECH;Indonesia;Microsoft SQL Server, .NET, SDLC, English Language, Agile Project Management;5;Contract;2026-05-19 08:03:19;Tech In Asia
Database Developer;Software International Corporation (M) Sdn Bhd;Malaysia;SQL, Software Development, Software Testing;4;Contract;2026-05-18 00:47:39;Tech In Asia
Solution Architect;Software International Corporation (M) Sdn Bhd;Malaysia;React.js, Java, Angular, APIs;5;Full-time;2026-05-18 00:34:04;Tech In Asia
Technical Writer;Gefami Services Indonesia;Indonesia;Team Management, Technical Writing, Technical Support, Teamwork;3;Contract;2026-05-11 11:06:28;Tech In Asia
Account Executive ;Gefami Services Indonesia;Indonesia;Web Technologies, Communication Skills, Information Technology;2;Contract;2026-05-11 09:01:21;Tech In Asia
iOS Developer;PT Appfuxion Consulting Indonesia;Indonesia;iOS Development, Swift, iOS Design;3;Full-time;2026-05-11 04:15:47;Tech In Asia
.Net Developer - Jakarta Utara;SIGMATECH;Indonesia;GraphQL, ASP.NET, REST, C#, .NET;2;Contract;2026-05-10 04:27:04;Tech In Asia
Full Stack Engineer;Vouch;Indonesia;React.js, TypeScript, Node.js;3;Full-time;2026-05-08 08:42:42;Tech In Asia
Senior Front End React Developer;MyConnect;Tidak dicantumkan;React.js, Tailwind CSS, Front-end Development, English Language, Next.js;5;Full-time;2026-04-30 01:04:38;Tech In Asia
Java Springboot Developer;SIGMATECH;Indonesia;Backend Development, Java, Spring;2;Contract;2026-04-27 06:45:00;Tech In Asia
Fullstack Developer (Java Springboot, Vue Js) - Banking Industry;SIGMATECH;Indonesia;Amazon Web Services (AWS), Java, Vue.js, Spring, Software Development, Google Cloud Platform (GCP);3;Contract;2026-04-23 09:42:34;Tech In Asia
Middleware Developer - Telecommunication Industry;SIGMATECH;Indonesia;ITIL, Middleware, APIs;2;Contract;2026-04-22 07:30:54;Tech In Asia
IT Infra & Network;PT Tiga Daya Digital Indonesia;Indonesia;Amazon Web Services (AWS), Linux, Google Cloud Platform (GCP);2;Contract;2026-05-11 09:19:09;Tech In Asia
IT Production Support ;PT Tiga Daya Digital Indonesia;Indonesia;SQL Server, Grafana, APIs;2;Contract;2026-05-08 04:12:22;Tech In Asia
Cloud Engineer (Mid Level);PT Tiga Daya Digital Indonesia;Indonesia;Amazon Web Services (AWS), Cloud Computing, Google Cloud Platform (GCP);3;Contract;2026-04-24 08:26:13;Tech In Asia
Project Manager;TLab;Indonesia;Software Architecture, Git, Agile, Software Engineering, Linux, Scrum Master, Agile Software Development, Product Management, Project Leader, Product Design, Software Development, Product Development, Scrum, SDLC, Agile Project Management, Project Management;0;Contract;2026-05-29 10:37:44;Tech In Asia
DevOps Engineer;Mobius Digital;Indonesia;DevOps, Web Development, Web Applications, Software Engineering, Web Application Design, Cloud Computing;3;Full-time;2026-06-17 04:28:59;Tech In Asia
AI Engineer;Graha Karya Informasi;Indonesia;Pytorch, Azure, Python, Machine Learning, HuggingFace, Tensorflow, LangChain;3;Full-time;2026-06-15 07:51:38;Tech In Asia
Senior QA Engineer;Jublia;Indonesia;Test Automation, Automation, Analytics, Python, Agile Software Development, Software Testing;4;Full-time;2026-06-02 08:12:20;Tech In Asia
Customer Success Engineer APAC;SerpApi;Tidak dicantumkan;Debugging, Javascript, Python, Customer Service, REST APIs, Ruby, Business Development, Technical Support, Github, SaaS, Contract Negotiations, Blogging, Communication Skills, Negotiation, Sales & Marketing;1;Full-time;2026-05-13 18:55:33;Tech In Asia
Senior Backend Engineer;Fulabs;Indonesia;Kafka, APIs, Kubernetes, Argo, RabbitMQ, Redis;5;Full-time;2026-05-13 10:07:17;Tech In Asia
L2 System Engineer;Graha Karya Informasi;Indonesia;Microsoft Exchange, Azure, Information Security, PowerShell, System Administration, Cloud Computing;2;Contract;2026-04-20 09:10:44;Tech In Asia
Senior DevOps / Platform Engineer;Fulabs;Indonesia;DevOps, Grafana, Kubernetes, Argo;5;Full-time;2026-05-13 10:15:20;Tech In Asia
Senior Frontend - Fullstack Engineer;Fulabs;Indonesia;React.js, REST, TypeScript, FastAPI, Python, Golang, SQL, Vue.js, APIs, Kubernetes, Redux;5;Full-time;2026-05-13 08:20:01;Tech In Asia
[Outsource] System Tester;Sagara Technology Group;Indonesia;Penetration Testing, Software Testing, Regression Testing;3;Contract;2026-06-05 09:02:52;Tech In Asia
[Outsource] Quality Assurance;Sagara Technology Group;Indonesia;Penetration Testing, Software Testing, Regression Testing;5;Contract;2026-06-05 09:01:49;Tech In Asia
[Outsource] Backend Developer (Java);Sagara Technology Group;Indonesia;Kafka, Java, REST APIs;5;Contract;2026-06-05 08:52:58;Tech In Asia
Java Developer;Gefami Services Indonesia;Indonesia;Backend Development, Java, Mobile Development;1;Full-time;2026-06-18 03:04:17;Tech In Asia
Golang ;Mobius Digital;Indonesia;Backend Development, Web Development, Golang, Web Applications, Web Application Design;3;Full-time;2026-06-17 04:30:16;Tech In Asia
Frontend Developer;Gefami Services Indonesia;Indonesia;React.js, Front-end Development, Unit Testing, Node.js;2;Contract;2026-06-11 07:36:23;Tech In Asia
Senior Frontend Developer;Gefami Services Indonesia;Indonesia;Flutter, iOS Development, Dart, Android;3;Contract;2026-05-29 06:58:22;Tech In Asia
Junior Frontend Developer;Gefami Services Indonesia;Indonesia;Flutter, iOS Development, Dart, Android;1;Contract;2026-05-29 06:56:17;Tech In Asia
Front End Developer;super-staff.ai;Indonesia;Git, Javascript, HTML5 & CSS3, User Interface (UI), REST APIs, Front-end Development, Github, SCSS/SASS, APIs;1;Full-time;2026-06-03 10:46:18;Tech In Asia
ReactJS Developer;Mobius Digital;Indonesia;React.js, Web Development, Web Applications, AngularJS, Front-end Development, Angular, Web Application Design;3;Full-time;2026-06-17 04:32:14;Tech In Asia
Frontend (React Native & Android) - Banking Syariah;SIGMATECH;Indonesia;Web Applications, Front-end Development, Android, Mobile Development;3;Contract;2026-05-22 03:36:27;Tech In Asia
Junior Front End Mobile - Can Join Immediately;SIGMATECH;Indonesia;React.js, Flutter, Kotlin, Mobile Application Development, Front-end Development, Android, Mobile Development;2;Contract;2026-05-08 08:25:04;Tech In Asia
Front End Mobile - Can Join Immediately;SIGMATECH;Indonesia;React.js, Flutter, Mobile Application Development, HTML+CSS, Javascript, CSS, TypeScript, HTML5 & CSS3, jQuery, Javascript Frameworks, Front-end Development, Vue.js, Android, HTML, CSS3, Mobile Development;2;Contract;2026-05-07 06:26:57;Tech In Asia
Fullstack Developer;Gefami Services Indonesia;Indonesia;React.js, Full-stack Web Development, Node.js;3;Full-time;2026-06-11 10:00:40;Tech In Asia
Fullstack Developer (Golang, Reactjs) - for Banking Industry;SIGMATECH;Indonesia;React.js, Javascript, Golang;3;Contract;2026-06-09 04:43:56;Tech In Asia
Fullstack Developer;PT. Swirf Labs International ;Indonesia;HTML+CSS, Problem Solving, Javascript, PHP, PostgreSQL, Teamwork, Project Management;0;Full-time;2026-06-08 07:27:05;Tech In Asia
Web Development Intern;Ematic Solutions;Indonesia;Full-stack Web Development, Web Development, WordPress;0;Internship;2026-06-18 07:48:04;Tech In Asia
Full-Stack Engineer;Replicast AI;Indonesia;Full-stack Web Development, TypeScript, LLM, Node.js;5;Full-time;2026-05-29 10:23:38;Tech In Asia
Web Developer - Loc: Jakarta Utara;SIGMATECH;Indonesia;React.js, HTML+CSS, TypeScript, HTML5 & CSS3, HTML;3;Contract;2026-06-11 11:15:57;Tech In Asia
Web Developer;detik.com;Indonesia;FastAPI, Django, Python, Docker;3;Full-time;2026-05-07 04:36:31;Tech In Asia
Golang Developer (Can join ASAP);SIGMATECH;Indonesia;Git, Golang, PostgreSQL, Github, RDBMS;3;Contract;2026-05-26 08:07:06;Tech In Asia
Mobile Developer;Sagara Technology Group;Indonesia;Flutter, MySQL, Git, Mobile, PostgreSQL, Object-oriented Programming (OOP), RDBMS, Mobile Development;0;Contract;2026-04-27 06:13:07;Tech In Asia
React Native Developer;Mobius Digital;Indonesia;Web Design, Web Development, Web Application Design;3;Full-time;2026-06-17 04:34:38;Tech In Asia
Back End Developer;JJ Group ;Indonesia;Business Development & Partnerships, MySQL, Javascript, PHP, HTML5 & CSS3, Java, Python, Business Analysis, Digital Marketing, Product Management;3;Full-time;2026-05-23 02:08:47;Tech In Asia
UI/UX Designer;JJ Group ;Indonesia;Business Development & Partnerships, Content Marketing, Business Analysis, Digital Marketing, Adobe Photoshop, Sales & Marketing;3;Full-time;2026-05-23 02:22:30;Tech In Asia
Business Analyst;Gefami Services Indonesia;Indonesia;Agile, SQL, Business Development, Jira, Scrum;2;Contract;2026-05-22 14:47:04;Tech In Asia
Junior Programmer;Graha Karya Informasi;Indonesia;SQL Server, Oracle, Next.js;0;Full-time;2026-05-07 03:34:41;Tech In Asia
Web Application - Telecommunication Industry;SIGMATECH;Indonesia;ITIL, Mobile Application Development, Web Applications, Troubleshooting, APIs;0;Contract;2026-04-22 06:40:41;Tech In Asia
Account Executive;Antikode;Indonesia;Customer Acquisition, Client Relations, Communication Skills, Negotiation, Sales & Marketing;2;Full-time;2026-06-03 02:35:05;Tech In Asia
Digital Analytics Internship;Antikode;Indonesia;Data Science, Data Management, Microsoft Excel, Communication Skills, Data Analysis;0;Internship;2026-05-13 10:59:13;Tech In Asia
SEO Content Writer Internship;Antikode;Indonesia;Magento, Creative Writing, Google Analytics, WordPress, SEO;0;Internship;2026-04-29 07:57:09;Tech In Asia
UX/UI Designer;Antikode;Indonesia;Sketch, UI/UX Design, Prototype, Wireframing, Adobe Creative Suite, Figma;1;Full-time;2026-04-29 07:48:52;Tech In Asia
Application Support Engineer (L2 / L3);SIGMATECH;Indonesia;Mobile Application Development, Web Applications, Technical Support;1;Contract;2026-04-27 07:32:47;Tech In Asia
Mobile Developer;Gefami Services Indonesia;Indonesia;Flutter, Mobile Application Development, Mobile Development;1;Full-time;2026-05-26 05:08:45;Tech In Asia
Kotlin Developer;Gefami Services Indonesia;Indonesia;Mobile Application Development, NoSQL, Android, RDBMS;1;Contract;2026-06-18 03:04:47;Tech In Asia
Android Developer;PT Appfuxion Consulting Indonesia;Indonesia;Kotlin, C++, Android;2;Contract;2026-05-12 09:46:10;Tech In Asia
Senior IOS Developer - Banking (Can Join Immediately);SIGMATECH;Indonesia;Git, iOS Development, iOS Design;5;Contract;2026-06-18 03:14:28;Tech In Asia
React Native Developer - Jakarta Utara;SIGMATECH;Indonesia;GraphQL, Mobile Application Development, TypeScript, RESTful Services, Xcode, Mobile Development, Redux;2;Contract;2026-05-10 04:23:35;Tech In Asia
Business Analyst – Payment, SOF & Loyalty (Mobile App);PT Appfuxion Consulting Indonesia;Indonesia;Product Marketing, QA, Business Analysis, Product Development;3;Contract;2026-06-02 09:24:36;Tech In Asia
Associate Product Manager (Remote);Happy5;Indonesia;Business Development & Partnerships, Presentation Skills, Product Research, QA, Product Strategy, Experience Design, Interactive Design, Business Analysis, Mobile Application Design, Design Research, Product Management, Product Design, Product Development, Communication Skills, Creative Problem Solving, Interaction Design, Software Testing, Agile Project Management, Cross-Functional Team Leadership, Design Thinking, Negotiation, Functional Testing;1;Full-time;2026-06-11 07:29:16;Tech In Asia
AI Engineer;Cakap;Indonesia;Javascript, PHP, HTML5 & CSS3, Python, LLM, Business Development, Product Management, Artificial Intelligence (AI), A/B Testing, Analytical Skills, Communication Skills, Next.js;1;Full-time;2026-06-11 12:14:40;Tech In Asia
Student Development Section Head - SATU University;Bina Nusantara Group;Indonesia;System Administration, Communication Skills, Communications;5;Full-time;2026-05-08 03:05:33;Tech In Asia
Research & Community Development Section Head - SATU University Bandung;Bina Nusantara Group;Indonesia;Research & Development (R&D), Design Research, Research;5;Full-time;2026-05-08 03:01:53;Tech In Asia
HR Intern;Boleh Dicoba Digital;Indonesia;Data Entry, Human Resources, Recruiting, Data Management, Public Speaking & Presentations, Research, Customer Development, Communication Skills;0;Internship;2026-05-11 08:50:56;Tech In Asia
Account Director;Boleh Dicoba Digital;Indonesia;Business Development & Partnerships, Presentation Skills, Marketing Strategy, Client Relations, Sales Strategy & Management, Analytics & Reporting, Business Analysis, Digital Marketing, Business Development, Project Leader, Business Strategy, Analytical Skills, Communication Skills, Data Analysis, Marketing Communications, Sales & Marketing, Project Management;4;Full-time;2026-05-07 10:07:47;Tech In Asia
Data Scientist;Mobius Digital;Indonesia;SAS, Matlab, Python, R, Machine Learning, Hadoop, Tableau, D3.js, Data Analysis, Spark;3;Full-time;2026-06-17 04:27:52;Tech In Asia
Data Analyst;Graha Karya Informasi;Indonesia;Databases, PowerBI, Data Visualization, Python, Data Science, Machine Learning, Big Data, Data Analysis;1;Full-time;2026-06-08 03:49:11;Tech In Asia
Data Analyst;Gefami Services Indonesia;Indonesia;Data Management, Artificial Intelligence (AI), Data Analysis, Google Cloud Platform (GCP);1;Contract;2026-05-25 09:03:00;Tech In Asia
Data Analyst & Insight (Fintech Industry);SIGMATECH;Indonesia;PowerBI, Data Visualization, Python, SQL, Tableau, Data Analysis;3;Contract;2026-05-06 10:00:38;Tech In Asia
Data Analyst - Loc: Jakarta Utara;SIGMATECH;Indonesia;Databases, PowerBI, SQL, Big Data, Data Analysis, Google Cloud Platform (GCP);2;Contract;2026-04-22 09:06:39;Tech In Asia
Data Analyst;PT Tiga Daya Digital Indonesia;Indonesia;Problem Solving, SQL, Microsoft Excel, Analytical Skills;3;Contract;2026-05-05 07:19:25;Tech In Asia
Business Analyst - (3 Month Project - Maternity Leave);SIGMATECH;Indonesia;Agile, Visio, Business Analysis, Scrum, SDLC;2;Contract;2026-06-05 03:26:42;Tech In Asia
Senior Business Analyst - Banking Industry;SIGMATECH;Indonesia;Agile, Business Analysis, APIs, SDLC, Agile Project Management;5;Contract;2026-06-03 06:32:41;Tech In Asia
Senior System Analyst - Banking Industry (Can Join Immediately);SIGMATECH;Indonesia;Databases, Data Warehouse, Software Architecture, Information Architecture, SQL Server, SQL, Enterprise Software, Data Analysis;5;Contract;2026-05-28 05:55:55;Tech In Asia
Business Process Analyst (Finance) - Jakarta Utara;SIGMATECH;Indonesia;SAP, Business Analysis, Enterprise Software;3;Contract;2026-05-20 06:12:45;Tech In Asia
 Business Intelligence Analyst;Kumparan;Indonesia;SQL, BigQuery, Business Intelligence, Data Analysis;1;Full-time;2026-05-05 07:38:27;Tech In Asia
Data Engineer;Graha Karya Informasi;Indonesia;Azure, SQL, Confluence, Jira, Data Analysis;1;Contract;2026-06-15 07:51:21;Tech In Asia
Senior Data Insight and Reporting - Multifinance Industry;SIGMATECH;Indonesia;Databases, PowerBI, Data Visualization, SQLite, Big Data, Business Intelligence, Tableau;5;Contract;2026-06-04 07:52:00;Tech In Asia
Full-Time Lecturer - BINUS Entrepreneurship Center;Bina Nusantara Group;Indonesia;Business Development & Partnerships, Business Development, Communication Skills, Project Management;2;Full-time;2026-05-29 06:42:13;Tech In Asia
ETL Developer;Indocyber Global Teknologi;Indonesia;SQL Server, SQL, Data Management, Big Data;3;Contract;2026-05-25 06:52:02;Tech In Asia
Data Engineer - Banking Syariah;SIGMATECH;Indonesia;MySQL, Databases, Data Warehouse, Amazon Web Services (AWS), SQL Server, Python, Flink, Linux, Big Data, Confluence, Microsoft Windows, Tableau;3;Contract;2026-05-22 03:40:14;Tech In Asia
Data Engineer;Gefami Services Indonesia;Indonesia;Databases, Analytics, Analytics & Reporting, Digital Marketing, Digital Strategy, Data Analysis;3;Contract;2026-05-12 03:23:07;Tech In Asia
AI/ML Engineer ;PT Allo Bank Indonesia Tbk;Indonesia;Data Science, Machine Learning, Artificial Intelligence (AI);1;Full-time;2026-05-07 02:45:10;Tech In Asia
Intern Data Engineer ;Kumparan;Indonesia;Amazon Web Services (AWS), Elastic, Big Data, Docker;0;Internship;2026-05-04 11:33:57;Tech In Asia
Research Assistant (AI/IT/Machine Learning);Bina Nusantara Group;Indonesia;Javascript, Java, Python;2;Full-time;2026-04-24 10:57:47;Tech In Asia
Database Infrastructure - Telecommunication Industry;SIGMATECH;Indonesia;Infrastructure, Databases, Risk Analysis, Compliance, Cloud Computing;3;Full-time;2026-04-22 07:14:23;Tech In Asia
Accounting Intern;Boleh Dicoba Digital;Indonesia;Data Entry, Data Management, Microsoft Excel, Communication Skills, Data Analysis;0;Internship;2026-05-23 03:38:27;Tech In Asia
Digital Marketing Specialist;Boleh Dicoba Digital;Indonesia;Facebook Advertising, Data Visualization, Advertising, Analytics & Reporting, Data Management, Digital Marketing, Social Media, Google Analytics, Analytical Skills, Communication Skills, Data Analysis;1;Full-time;2026-05-26 02:40:34;Tech In Asia
IT Business Enablement Lead Squad;PT Tiga Daya Digital Indonesia;Indonesia;Product Management, Project Leader, APIs, Scrum, Agile Project Management, Project Management;4;Contract;2026-05-08 04:39:12;Tech In Asia
Junior AI / Fullstack Engineer ;TalentGo AI;Indonesia;React.js, MySQL, Git, Javascript, PHP, Java, Python, REST APIs, LLM, PostgreSQL, Github, Artificial Intelligence (AI), APIs, Next.js, Web Architecture;0;Full-time;2026-06-04 07:54:56;Tech In Asia
Senior DevOps Engineer;OneByOne Logistical;Indonesia;Amazon Web Services (AWS), Azure, Linux System Administration, Linux;3;Full-time;2026-05-20 07:42:06;Tech In Asia
Platform Analyst - Jakarta Utara;SIGMATECH;Indonesia;Infrastructure, Databases, Datadog, Grafana, Networking, Troubleshooting, Cloud Computing;2;Contract;2026-05-29 11:04:22;Tech In Asia
Security Infrastructure - Can Join Immediately;SIGMATECH;Indonesia;Amazon Web Services (AWS), Azure, Information Security, Security, Risk Analysis, Compliance, Google Cloud Platform (GCP);3;Contract;2026-05-08 05:01:53;Tech In Asia
System Administrator [3 months contract];Indocyber Global Teknologi;Indonesia;Control Systems, Linux System Administration, System Administration;1;Contract;2026-05-25 06:36:16;Tech In Asia
Management Assistant ;ISIXI Private Limited;Indonesia;Management, System Administration, Communication Skills;0;Full-time;2026-04-27 12:42:21;Tech In Asia
Growth Marketing Intern;Cakap;Indonesia;Digital Marketing, System Administration, Communication Skills, Market Research, Marketing Communications, Project Management;0;Full-time;2026-04-21 10:34:31;Tech In Asia
[Outsource] Technical Writer;Sagara Technology Group;Indonesia;Technical Writing, System Administration, SDLC;3;Contract;2026-06-05 09:04:03;Tech In Asia
HR Specialist;Rocketindo;Indonesia;Marketing Strategy, People Management, Google Apps, Human Resources, Microsoft Office, Recruiting, System Administration, Marketing;0;Full-time;2026-06-08 10:17:28;Tech In Asia
Network Infrastructure - Telecommunication Industry;SIGMATECH;Indonesia;Infrastructure, Troubleshooting, Network Security;3;Contract;2026-04-22 06:45:38;Tech In Asia
Security Operation Engineer (Multifinance Industry);SIGMATECH;Indonesia;Linux, Microsoft Windows, Network Security, Cyber Security;1;Contract;2026-05-25 03:48:04;Tech In Asia
[Outsource] Development Support;Sagara Technology Group;Indonesia;Security, APIs, Network Security;5;Contract;2026-06-05 09:07:47;Tech In Asia
[Outsource] Security Consultant;Sagara Technology Group;Indonesia;Information Security, Security, Network Security;5;Contract;2026-06-05 09:00:35;Tech In Asia
IT Incindent Engineer L2 ;PT Allo Bank Indonesia Tbk;Indonesia;Infrastructure, Information Security, Information Architecture;1;Full-time;2026-04-21 08:58:28;Tech In Asia
Business Analyst (Marketing Technology);PT Appfuxion Consulting Indonesia;Indonesia;Product Marketing, QA, Business Analysis, Product Development;3;Contract;2026-06-02 09:16:39;Tech In Asia
Tester Manual - Can Join Immediately;SIGMATECH;Indonesia;QA, Penetration Testing, Jira, Software Testing, Figma, Functional Testing, Regression Testing;2;Contract;2026-05-10 04:13:52;Tech In Asia
Junior Tester Manual - Can Join Immediately;SIGMATECH;Indonesia;Penetration Testing, Jira, Software Testing, Figma, Functional Testing, Regression Testing;1;Contract;2026-05-10 04:17:28;Tech In Asia
IT Governance ;PT Allo Bank Indonesia Tbk;Indonesia;Risk Management, Information Security, Security, Audit, Compliance, Cyber Security;2;Full-time;2026-06-04 06:39:12;Tech In Asia
Technical Writer;Indocyber Global Teknologi;Indonesia;Technical Writing, Microsoft Office, Writer;1;Contract;2026-05-25 06:50:21;Tech In Asia
[Outsource] Technical Lead (Java);Sagara Technology Group;Indonesia;Java, Security, Apache;5;Contract;2026-06-05 08:50:55;Tech In Asia
Product Manager;super-staff.ai;Indonesia;Attention to Detail, Product Strategy, Machine Learning, Consumer Products, Product Management, Project Leader, Artificial Intelligence (AI), Communication Skills, Communications, Project Management;1;Contract;2026-06-03 10:45:46;Tech In Asia
Product Manager ;PT Allo Bank Indonesia Tbk;Indonesia;Product Strategy, Product Management, Product Development;0;Full-time;2026-05-18 10:17:22;Tech In Asia
Associate Product Manager;Cakap;Indonesia;Product Marketing, MySQL, Product Research, Analytics & Reporting, Machine Learning, Product Management, Product Design, Artificial Intelligence (AI), A/B Testing, Product Development, Analytical Skills, Agile Project Management;3;Full-time;2026-06-07 02:25:17;Tech In Asia
Account Manager;Boleh Dicoba Digital;Indonesia;Attention to Detail, Digital Marketing, Communication Skills, Agile Project Management, Marketing Communications, Project Management;1;Full-time;2026-06-10 03:07:35;Tech In Asia
Brand Manager;Little Joy Indonesia;Indonesia;Digital Marketing, Business Development, Communication Skills, Marketing, Marketing Communications, Sales & Marketing, Project Management;3;Full-time;2026-05-25 07:15:08;Tech In Asia
Project Manager;Gefami Services Indonesia;Indonesia;Jira, Project Leader, Project Management;2;Contract;2026-05-25 03:13:21;Tech In Asia
Business Manager (B2B & B2G);Cakap;Indonesia;Business Development & Partnerships, Sales Strategy & Management, Business Analysis, Business Development, Product Management, Sales & Marketing, Project Management;5;Full-time;2026-05-23 14:33:16;Tech In Asia
Project Manager (Creative Service);Boleh Dicoba Digital;Indonesia;Presentation Skills, Analytics & Reporting, Digital Marketing, Communication Skills, Project Management;1;Full-time;2026-05-22 07:39:19;Tech In Asia
Project Manager - Jakarta Utara;SIGMATECH;Indonesia;Kanban, Jira, Scrum, SDLC, Agile Project Management, Project Management;2;Contract;2026-05-10 04:29:42;Tech In Asia
Technical Project Manager;Jublia;Indonesia;Problem Solving, Client Relations, Python, REST APIs, APIs, Communication Skills, Agile Project Management, Project Management;1;Full-time;2026-06-02 08:11:34;Tech In Asia
IT Project Manager - Infrastructure Technology;SIGMATECH;Indonesia;Infrastructure, Agile, Information Security, Security, Agile Software Development, Jira, SDLC, Agile Project Management, Cyber Security, Project Management;5;Contract;2026-05-29 10:29:20;Tech In Asia
Intern Project Manager;Kumparan;Indonesia;Jira, Agile Project Management, Project Management;0;Internship;2026-05-29 03:50:26;Tech In Asia
Technical Delivery Manager - Banking Industry;SIGMATECH;Indonesia;Agile, JBoss, Linux, Agile Software Development, SDLC, Agile Project Management, Project Management;5;Contract;2026-05-12 03:11:32;Tech In Asia
IT PMO - Banking Industry;SIGMATECH;Indonesia;Agile, Jira, SDLC, Agile Project Management, Project Management;2;Contract;2026-06-03 04:17:35;Tech In Asia
IT PMO (Banking / Fintech Industry);SIGMATECH;Indonesia;Microsoft Word, Microsoft PowerPoint, Microsoft Excel, SDLC, English Language, Agile Project Management, Project Management;3;Contract;2026-05-18 07:50:25;Tech In Asia
Project Officer Freelance;Boleh Dicoba Digital;Indonesia;Presentation Skills, Content Marketing, Public Speaking & Presentations, Communication Skills, Project Management;1;Freelance;2026-04-21 10:28:33;Tech In Asia
Creative AI Video Producer (Placement at Major SEA Media Group);Sagara Technology Group;Indonesia;Multimedia, Adobe Premiere, Adobe After Effects, Adobe Creative Suite, Video Production, Artificial Intelligence (AI), Video Editing;2;Contract;2026-05-20 07:35:35;Tech In Asia
Executive Assistant - Data & Treasury;TurnkeyID;Indonesia;Product Management, Communication Skills, Project Management;0;Contract;2026-05-11 06:52:34;Tech In Asia
Digital Marketing;Gefami Services Indonesia;Indonesia;Product Strategy, Digital Marketing, Consumer Products, Product Management, SEO;2;Contract;2026-06-03 10:28:09;Tech In Asia
Product & Business Consultant;Graha Karya Informasi;Indonesia;Business Development & Partnerships, Marketing Strategy, Business Development, Product Management, Marketing, Sales & Marketing;0;Full-time;2026-06-15 07:54:40;Tech In Asia
Sales SaaS Edutech For B2B & B2G;Cakap;Indonesia;Sales Strategy & Management, Business Analysis, Digital Marketing, Business Development, Product Management, Sales & Marketing;1;Full-time;2026-06-01 15:24:38;Tech In Asia
Business Development Supervisor;Cakap;Indonesia;Business Development & Partnerships, Marketing Strategy, Sales Strategy & Management, Business Analysis, Business Development, Product Management, Communication Skills, Marketing, Marketing Communications, Sales & Marketing, Project Management;4;Full-time;2026-05-16 15:54:39;Tech In Asia
Senior Business Development;Cakap;Indonesia;Business Development & Partnerships, Marketing Strategy, Sales Strategy & Management, Business Analysis, Digital Marketing, Business Development, Product Management, Marketing, Marketing Communications, Sales & Marketing;2;Full-time;2026-05-23 14:40:33;Tech In Asia
[Outsource] Project Manager;Sagara Technology Group;Indonesia;Agile, SDLC, Project Management;7;Contract;2026-06-05 08:54:35;Tech In Asia
IT Business Analyst (Banking Industry);SIGMATECH;Indonesia;Investment Banking, Agile, Business Analysis, Scrum;2;Contract;2026-06-17 04:54:52;Tech In Asia
[Outsource] Business Analyst;Sagara Technology Group;Indonesia;REST APIs, Business Analysis, SDLC;7;Contract;2026-06-05 08:57:25;Tech In Asia
[Outsource] System Analyst;Sagara Technology Group;Indonesia;Kafka, REST APIs, System Design;7;Contract;2026-06-05 08:58:57;Tech In Asia
Sr. Business Manager (B2B & B2G);Cakap;Indonesia;Business Development & Partnerships, Marketing Strategy, Sales Strategy & Management, Business Analysis, Business Development, Communication Skills, Marketing Communications, Sales & Marketing;5;Full-time;2026-06-01 15:24:04;Tech In Asia
Inside Sales Consultant;Propseller;Singapore;Business Development & Partnerships, Sales Strategy & Management, Sales, Real Estate, Inside Sales, Business Development, Sales Support, New Business Development;1;Full-time;2026-06-09 05:56:56;Tech In Asia
Digital Marketing Intern;Ematic Solutions;Malaysia;Business Development & Partnerships, Marketing Strategy, Sales Strategy & Management, Digital Marketing, Business Development, Marketing, Marketing Communications, Sales & Marketing;0;Internship;2026-06-11 07:44:54;Tech In Asia
CRM Intern;Ematic Solutions;Malaysia;Digital Marketing, CRM, Communication Skills, Project Management;0;Internship;2026-06-11 07:42:52;Tech In Asia
Graphic Design Intern;Ematic Solutions;Vietnam;UI/UX Design, Adobe Illustrator, Digital Marketing, Adobe Photoshop, Communication Skills;0;Full-time;2026-06-02 08:03:16;Tech In Asia
SEO Intern;Ematic Solutions;Vietnam;SEO/SEM, Digital Marketing, Business Development, Communication Skills, Sales & Marketing, Project Management, SEO;0;Internship;2026-05-27 09:11:47;Tech In Asia
Social Media;JJ Group ;Indonesia;Marketing Strategy, Digital Marketing, Communication Skills;3;Full-time;2026-05-23 02:57:43;Tech In Asia
Strategic Projects Coordinator;AHA Commerce;Indonesia;Strategy, Communication Skills, Project Management;0;Full-time;2026-05-23 00:31:28;Tech In Asia
Corporate Strategy Manager;PT. Wahana Pembayaran Digital;Indonesia;Strategic Planning, Business Strategy, Financial Management;5;Full-time;2026-05-07 03:21:54;Tech In Asia
Management Trainee;ISIXI Private Limited;Indonesia;Analytics, Leadership, Consulting, Analytical Skills;0;Full-time;2026-04-27 12:46:25;Tech In Asia
[Outsource] Solution Architect;Sagara Technology Group;Indonesia;REST APIs, Docker, Web Architecture;7;Contract;2026-06-05 08:55:57;Tech In Asia
Senior Solution Architecture for Banking Industry;SIGMATECH;Indonesia;Investment Banking, Software Architecture, Amazon Web Services (AWS), Information Architecture, REST APIs, Web Architecture;5;Full-time;2026-04-21 04:18:11;Tech In Asia
Manual Tester (Banking - Ready join ASAP);SIGMATECH;Indonesia;Test Automation, SQL Server, Cypress, Selenium, Jira;1;Contract;2026-05-11 05:04:50;Tech In Asia
UI/UX Designer & UX Researcher;Gefami Services Indonesia;Indonesia;UI/UX Design, Wireframing, Figma;3;Contract;2026-05-29 07:00:46;Tech In Asia
UI/UX Designer;Sagara Technology Group;Indonesia;UI/UX Design, Adobe Creative Suite, Figma;0;Contract;2026-04-27 06:24:26;Tech In Asia
Creative Designer;Cakap;Indonesia;Adobe Illustrator, Adobe Premiere, Graphic Design, Adobe Indesign, Adobe Photoshop, Product Design, Design, Brand & Identity Design, Figma;1;Full-time;2026-04-20 06:51:59;Tech In Asia
Graphic Designer;Boleh Dicoba Digital;Indonesia;Visual Design, Adobe Illustrator, Adobe Premiere, Experience Design, Graphic Design, Adobe After Effects, Adobe Creative Suite, Adobe Photoshop, Design Research;1;Full-time;2026-06-12 03:39:38;Tech In Asia
Graphic Designer;Kumparan;Indonesia;Visual Design, Illustration, Graphic Design;1;Full-time;2026-04-22 04:03:31;Tech In Asia
Graphic And Motion Designer - Jakarta Utara;SIGMATECH;Indonesia;Adobe Illustrator, Graphic Design, Adobe Indesign, Adobe Photoshop, Illustrator;1;Contract;2026-05-29 10:54:54;Tech In Asia
Graphic And Motion Designer;SIGMATECH;Indonesia;Adobe Illustrator, Graphic Design, Adobe Creative Suite, Adobe Photoshop;1;Contract;2026-05-28 09:57:26;Tech In Asia
Social Media Designer Internship;TIXid;Indonesia;Adobe Illustrator, Adobe Photoshop, Figma;0;Internship;2026-05-29 05:50:23;Tech In Asia
Intern Video Editor;AHA Commerce;Indonesia;Video Creation, Video Production, Video Editing, Marketing Communications;0;Full-time;2026-05-03 03:00:43;Tech In Asia
Content Creator Internship;Graha Karya Informasi;Indonesia;Content Marketing, Social Media Strategy, Social Media, Content Management, Content Creation, Content Strategy;0;Internship;2026-04-28 07:53:41;Tech In Asia
Application Support (L2) - English Speaker;SIGMATECH;Indonesia;Help Desk, Grafana, Confluence, Technical Support, Jira, Hardware Engineering;3;Contract;2026-05-29 07:11:58;Tech In Asia
Application Support (L1) - English Speaker;SIGMATECH;Indonesia;Help Desk, Operating Systems, Grafana, Confluence, Technical Support, CRM, Jira, Hardware Engineering;1;Contract;2026-05-29 07:08:40;Tech In Asia
IT Support;Cakap;Indonesia;Technical Support, Communication Skills, Information Technology, Telecommunications;1;Full-time;2026-05-26 03:08:28;Tech In Asia
Technical Support Engineer;PT. Wahana Pembayaran Digital;Indonesia;Java, Python, SQL;1;Full-time;2026-04-27 08:05:46;Tech In Asia
Part-time Marketing Support (Japanese Speaker);Bina Nusantara Group;Indonesia;Marketing Strategy, Digital Marketing, Marketing, Sales & Marketing;0;Part-time;2026-05-13 03:59:33;Tech In Asia
Executive Assistant;TurnkeyID;Indonesia;Management, Support, Executive Management;1;Contract;2026-05-11 06:49:10;Tech In Asia
Education Sales Officer;Bina Nusantara Group;Indonesia;Sales Strategy & Management, Sales, Salesforce, Sales Support, Sales & Marketing;2;Full-time;2026-05-08 02:29:06;Tech In Asia
AI SEO Management Trainee;Deliveree On-Demand Logistics (Southeast Asia);Indonesia;Marketing Strategy, Digital Marketing, Creative Writing, Analytical Skills, SEO;0;Full-time;2026-06-02 06:59:38;Tech In Asia
Young Professionals Fast Track;Deliveree On-Demand Logistics (Southeast Asia);Indonesia;Business Development & Partnerships, Business Analysis, Digital Marketing, Business Development, Marketing, Marketing Communications, Sales & Marketing, Project Management;1;Full-time;2026-04-28 02:44:33;Tech In Asia
Performance Content Specialist;Little Joy Indonesia;Indonesia;Marketing Strategy, Sales Strategy & Management, Business Analysis, Digital Marketing, Marketing;0;Full-time;2026-06-08 09:23:33;Tech In Asia
SEO Lead;Boleh Dicoba Digital;Indonesia;Business Operations, SEO/SEM, Problem Solving, Analytics & Reporting, Leadership, Project Leader, Business Strategy, Google Analytics, Analytical Skills, Communication Skills, Communications, SEO;4;Full-time;2026-06-12 08:06:04;Tech In Asia
Social Media Officer Freelance;Boleh Dicoba Digital;Indonesia;Presentation Skills, Attention to Detail, Strategic Planning, Analytics & Reporting, Social Media Strategy, Social Media, Research;2;Freelance;2026-05-08 10:20:34;Tech In Asia
Auto Finance Channel Acquisition ;PT Allo Bank Indonesia Tbk;Indonesia;Business Development & Partnerships, Marketing Strategy, Sales Strategy & Management, Business Analysis, Business Development, Sales & Marketing;1;Full-time;2026-05-18 10:06:17;Tech In Asia
eCommerce Specialist;Little Joy Indonesia;Indonesia;Business Development & Partnerships, Marketing Strategy, Sales Strategy & Management, Content Marketing, Digital Marketing, Business Development, Marketing, Sales & Marketing, Project Management;1;Full-time;2026-05-08 02:01:18;Tech In Asia
Online Sales Specialist;Rocketindo;Indonesia;E-commerce, Marketing Strategy, Customer Experience, Customer Service, Customer Relationship Management, Marketing, Sales & Marketing, Online Marketing;0;Full-time;2026-06-08 10:09:04;Tech In Asia
Social Media Specialist (Fashion Brand);Rocketindo;Indonesia;Marketing Strategy, Social Media Marketing, Content Marketing, Social Media Strategy, Social Media, Content Management, Content Creation, Marketing, Content Strategy, Sales & Marketing;0;Full-time;2026-06-08 10:14:39;Tech In Asia
Social Media Specialist;Little Joy Indonesia;Indonesia;Creative Direction, Content Marketing, Digital Marketing, Business Development, Communication Skills, Marketing, Sales & Marketing;1;Full-time;2026-06-08 07:36:04;Tech In Asia
Social Media Specialist;Rocketindo;Indonesia;Content Marketing, Digital Marketing, Adobe Photoshop, Communication Skills, Marketing Communications;1;Full-time;2026-05-06 08:46:39;Tech In Asia
Marketing Manager;Little Joy Indonesia;Indonesia;Marketing Strategy, Sales Strategy & Management, Content Marketing, Digital Marketing, Marketing, Sales & Marketing, Project Management;4;Full-time;2026-05-25 07:17:22;Tech In Asia
Commercial Operations Manager;Little Joy Indonesia;Indonesia;Business Development & Partnerships, Marketing Strategy, Sales Strategy & Management, Business Analysis, Business Development, Communication Skills, Marketing, Sales & Marketing;3;Full-time;2026-06-15 02:00:43;Tech In Asia
Bussiness Development Internship;Little Joy Indonesia;Indonesia;Digital Marketing, Creative Writing, Contract Negotiations, Creative Problem Solving, Marketing Management, Marketing, Marketing Communications, Negotiation, Sales & Marketing;0;Internship;2026-05-22 04:52:11;Tech In Asia
Senior Manager Risk;PT. Wahana Pembayaran Digital;Indonesia;Risk Management, Risk Analysis, Audit;5;Full-time;2026-04-27 09:07:39;Tech In Asia
Business Intelligence;Deliveree On-Demand Logistics (Southeast Asia);Indonesia;Business Analysis, Microsoft Excel, Analytical Skills;0;Full-time;2026-05-04 02:42:26;Tech In Asia
Sales Manager (for B2C) - Education Technology;Cakap;Indonesia;Business Analysis, Business Development, Business Strategy, Sales & Marketing;4;Full-time;2026-06-01 15:08:47;Tech In Asia
Full-Time Lecturer - BINUS ASO School of Enginering;Bina Nusantara Group;Indonesia;Business Analysis, Business Development, Communication Skills;2;Full-time;2026-05-29 06:50:00;Tech In Asia
Senior Account Executive;RadVoice Indonesia;Indonesia;Business Development & Partnerships, Sales Strategy & Management, Business Analysis, Business Development, Communication Skills, Sales & Marketing;3;Full-time;2026-04-24 13:59:07;Tech In Asia
Business Development;Sagara Technology Group;Indonesia;Business Development & Partnerships, Sales Strategy & Management, Business Analysis, Business Development, Marketing Communications, Sales & Marketing;0;Contract;2026-04-20 10:01:17;Tech In Asia
Business Development;Cakap;Indonesia;Business Development & Partnerships, Marketing Strategy, Sales Strategy & Management, Business Analysis, Business Development, Marketing Communications, Sales & Marketing, Project Management;1;Full-time;2026-06-01 15:25:20;Tech In Asia
Sales & Business Department Manager;JJ Group ;Indonesia;Business Development & Partnerships, Marketing Strategy, Sales Strategy & Management, Business Analysis, Business Development, Communication Skills, Marketing, Marketing Communications, Sales & Marketing;5;Full-time;2026-05-23 03:08:43;Tech In Asia
Recruiting Associate;Deliveree On-Demand Logistics (Southeast Asia);Indonesia;Strategic Planning, Recruiting, Communication Skills;0;Full-time;2026-05-05 02:55:19;Tech In Asia
Customer Service Agent (REMOTE);Deliveree On-Demand Logistics (Southeast Asia);Indonesia;Customer Experience, Customer Service, Customer Relationship Management;0;Full-time;2026-05-04 02:42:12;Tech In Asia
KOL Specialist Intern (Circle Management) -- Paid Internship!;Playmakers;Indonesia;Business Development & Partnerships, Marketing Strategy, Social Media Marketing, Content Marketing, Digital Marketing, Communication Skills, Marketing, Communications, Marketing Communications, Sales & Marketing;1;Internship;2026-06-08 13:17:28;Tech In Asia
